Workbook
Name HCData: #REF!

Sheet Dashboard
A1: AUH1 | S1: AUH3 | AF1: DAD1
A2: Previous Day HC | B2: L3 Ops Supervisors | C2: FTE HC | D2: NFTE HC | E2: Today's HC | F2: HC LM Target | G2: Achievement % | H2: Remarks | S2: Previous Day HC | T2: L3 Ops Supervisors | U2: FTE HC | V2: NFTE HC | W2: Today's HC | X2: HC LM Target | Y2: Achievement % | Z2: Remarks | AF2: Previous Day HC | AG2: L3 Ops Supervisors | AH2: FTE HC | AI2: NFTE HC | AJ2: Today's HC | AK2: HC LM Target | AL2: Achievement % | AM2: Remarks
A3: 1273 | B3: =COUNTIFS(Roster!#REF!,"FC Associate III",Roster!#REF!,"AUH1",Roster!#REF!,"Direct") -> #REF! | C3: =COUNTIFS(Roster!#REF!,"Regular",Roster!#REF!,"AUH1",Roster!#REF!,"Direct") -> #REF! | D3: =COUNTIFS(Roster!#REF!,"Temporary",Roster!#REF!,"AUH1",Roster!#REF!,"Direct") -> #REF! | E3: =C3+D3 -> #REF! | F3: =E3 -> #REF! | G3: =E3/F3 -> #REF! | S3: 82 | T3: =COUNTIFS(Roster!#REF!,"Hub Supervisor",Roster!#REF!,"Direct",Roster!F:F,"Warehouse Deals") -> #REF! | U3: =COUNTIFS(Roster!#REF!,"Regular",Roster!#REF!,"Direct",Roster!F:F,"Warehouse Deals") -> #REF! | V3: =COUNTIFS(Roster!#REF!,"Temporary",Roster!#REF!,"Direct",Roster!F:F,"Warehouse Deals") -> #REF! | W3: =U3+V3 -> #REF! | X3: =W3 -> #REF! | Y3: =W3/X3 -> #REF! | AF3: 12 | AG3: =COUNTIFS(Roster!#REF!,"FC Associate III",Roster!#REF!,"DAD1",Roster!#REF!,"Support") -> #REF! | AH3: =COUNTIFS(Roster!#REF!,"Regular",Roster!#REF!,"DAD1",Roster!#REF!,"Support") -> #REF! | AI3: =COUNTIFS(Roster!#REF!,"Temporary",Roster!#REF!,"DAD1",Roster!#REF!,"Support") -> #REF! | AJ3: =AH3+AI3 -> #REF! | AK3: =AJ3 -> #REF! | AL3: =AJ3/AK3 -> #REF!
A4: =Roster!#REF! -> #REF! | S4: =Roster!#REF! -> #REF! | AF4: =Roster!#REF! -> #REF!
A5: Shift | B5: Total HC | C5: Unscheduled | D5: Schedule to Work | E5: PL | F5: OT | G5: UPL | H5: Present | I5: Present % (without OT) | J5: LM Target | K5: Target Achievement | S5: Shift | T5: Total HC | U5: Unscheduled | V5: Schedule to Work | W5: PL | X5: OT | Y5: UPL | Z5: Present | AA5: Present % | AB5: LM Target | AC5: Target Achievement | AF5: Shift | AG5: Total HC | AH5: Unscheduled | AI5: Schedule to Work | AJ5: PL | AK5: UPL | AL5: OT | AM5: Present | AN5: Present % | AO5: LM Target | AP5: Target Achievement
A6: Day Shift | B6: =COUNTIFS(Roster!#REF!,"AUH1",Roster!#REF!,"Direct",Roster!#REF!,"Day Shift") -> #REF! | C6: =SUMIFS($D$12:$D$27,$B$12:$B$27,"Day Shift") -> #REF! | D6: =SUMIFS($K$12:$K$27,$B$12:$B$27,"Day Shift") -> #REF! | E6: =SUMIFS($E$12:$E$27,$B$12:$B$27,"Day Shift") -> #REF! | F6: =COUNTIFS(#REF!,"AUH1",#REF!,"Day Shift",Table1[[#All],[OFF1]],"OT",#REF!,"Direct")+COUNTIFS(#REF!,"AUH1",#REF!,"Day Shift",Table1[[#All],[OFF2]],"OT",#REF!,"Direct") -> #REF! | G6: =SUMIFS($H$12:$H$26,$B$12:$B$26,"Day Shift")+SUMIFS($I$12:$I$26,$B$12:$B$26,"Day Shift") -> #REF! | H6: =D6-E6-G6 -> #REF! | I6: =H6/D6 -> #REF! | J6: 0.89144281 | K6: =I6/J6 -> #REF! | S6: Day Shift | T6: =COUNTIFS(Roster!#REF!,"AUH3",Roster!#REF!,"Direct",Roster!#REF!,"Day Shift")+COUNTIFS(Roster!#REF!,"DDB1",Roster!#REF!,"Direct",Roster!#REF!,"Day Shift") -> #REF! | U6: =SUMIFS($V$12:$V$14,$T$12:$T$14,"Day Shift") -> #REF! | V6: =SUMIFS($AC$12:$AC$14,$T$12:$T$14,"Day Shift") -> #REF! | W6: =SUMIFS($W$12:$W$14,$T$12:$T$14,"Day Shift") -> #REF! | X6: =COUNTIFS(#REF!,"AUH3",#REF!,"Day Shift",Table1[[#All],[OFF1]],"OT",#REF!,"Direct")+COUNTIFS(#REF!,"AUH3",#REF!,"Day Shift",Table1[[#All],[OFF2]],"OT",#REF!,"Direct") -> #REF! | Y6: =SUMIFS($Z$12:$Z$14,$T$12:$T$14,"Day Shift")+SUMIFS($AA$12:$AA$14,$T$12:$T$14,"Day Shift") -> #REF! | Z6: =V6-W6-Y6 -> #REF! | AA6: =Z6/V6 -> #REF! | AB6: 0.90103448 | AC6: =AA6/AB6 -> #REF! | AF6: Day Shift | AG6: =COUNTIFS(Roster!#REF!,"DAD1",Roster!#REF!,"Support",Roster!#REF!,"Day Shift") -> #REF! | AH6: =SUMIFS($AI$12:$AI$15,$AG$12:$AG$15,"Day Shift") -> #REF! | AI6: =SUMIFS($AP$12:$AP$15,$AG$12:$AG$15,"Day Shift") -> #REF! | AJ6: =SUMIFS($AJ$12:$AJ$15,$AG$12:$AG$15,"Day Shift") -> #REF! | AK6: =SUMIFS($AM$12:$AM$15,$AG$12:$AG$15,"Day Shift")+SUMIFS($AN$12:$AN$15,$AG$12:$AG$15,"Day Shift") -> #REF! | AL6: =COUNTIFS(#REF!,"DAD1",#REF!,"Day Shift",Table1[[#All],[OFF1]],"OT",#REF!,"Direct")+COUNTIFS(#REF!,"DAD1",#REF!,"Day Shift",Table1[[#All],[OFF2]],"OT",#REF!,"Support") -> #REF! | AM6: =AI6-AJ6-AK6 -> #REF! | AN6: =AM6/AI6 -> #REF! | AO6: 0.9512 | AP6: =AN6/AO6 -> #REF!
A7: Mid Shift | B7: =COUNTIFS(Roster!#REF!,"AUH1",Roster!#REF!,"Direct",Roster!#REF!,"Mid Shift") -> #REF! | C7: =SUMIFS($D$12:$D$27,$B$12:$B$27,"Mid Shift") -> #REF! | D7: =SUMIFS($K$12:$K$27,$B$12:$B$27,"Mid Shift") -> #REF! | E7: =SUMIFS($E$12:$E$27,$B$12:$B$27,"Mid Shift") -> #REF! | F7: =COUNTIFS(#REF!,"AUH1",#REF!,"Mid Shift",Table1[[#All],[OFF1]],"OT",#REF!,"Direct")+COUNTIFS(#REF!,"AUH1",#REF!,"Mid Shift",Table1[[#All],[OFF2]],"OT",#REF!,"Direct") -> #REF! | G7: =SUMIFS($H$12:$H$27,$B$12:$B$27,"Mid Shift")+SUMIFS($I$12:$I$27,$B$12:$B$27,"Mid Shift") -> #REF! | H7: =D7-E7-G7 -> #REF! | I7: =(H7-F7)/(D7-F7) -> #REF! | J7: 0 | K7: =I7/J7 -> #REF! | S7: Mid Shift | T7: =COUNTIFS(Roster!#REF!,"AUH3",Roster!#REF!,"Direct",Roster!#REF!,"Mid Shift")+COUNTIFS(Roster!#REF!,"DDB1",Roster!#REF!,"Direct",Roster!#REF!,"Mid Shift") -> #REF! | U7: =SUMIFS($V$12:$V$14,$T$12:$T$14,"Mid Shift") -> #REF! | V7: =SUMIFS($AC$12:$AC$14,$T$12:$T$14,"Mid Shift") -> #REF! | W7: =SUMIFS($W$12:$W$14,$T$12:$T$14,"Mid Shift") -> #REF! | X7: =COUNTIFS(#REF!,"AUH3",#REF!,"Mid Shift",Table1[[#All],[OFF1]],"OT",#REF!,"Direct")+COUNTIFS(#REF!,"AUH3",#REF!,"Mid Shift",Table1[[#All],[OFF2]],"OT",#REF!,"Direct") -> #REF! | Y7: =SUMIFS($Z$12:$Z$14,$T$12:$T$14,"Mid Shift")+SUMIFS($AA$12:$AA$14,$T$12:$T$14,"Mid Shift") -> #REF! | Z7: =V7-W7-Y7 -> #REF! | AA7: =Z7/V7 -> #REF! | AB7: 0 | AC7: =AA7/AB7 -> #REF! | AF7: Mid Shift | AG7: =COUNTIFS(Roster!#REF!,"DAD1",Roster!#REF!,"Support",Roster!#REF!,"Mid Shift") -> #REF! | AH7: =SUMIFS($AI$12:$AI$15,$AG$12:$AG$15,"Mid Shift") -> #REF! | AI7: =SUMIFS($AP$12:$AP$15,$AF$12:$AF$15,"Mid Shift") -> 0 | AJ7: =SUMIFS($AJ$12:$AJ$15,$AG$12:$AG$15,"Mid Shift") -> #REF! | AK7: =SUMIFS($AM$12:$AM$15,$AG$12:$AG$15,"Mid Shift")+SUMIFS($AN$12:$AN$15,$AG$12:$AG$15,"Mid Shift") -> #REF! | AL7: =COUNTIFS(#REF!,"DAD1",#REF!,"Mid Shift",Table1[[#All],[OFF1]],"OT",#REF!,"Direct")+COUNTIFS(#REF!,"DAD1",#REF!,"Mid Shift",Table1[[#All],[OFF2]],"OT",#REF!,"Direct") -> #REF! | AM7: =AI7-AJ7-AK7 -> #REF! | AN7: =AM7/AI7 -> #REF! | AO7: 0.9565 | AP7: =AN7/AO7 -> #REF!
A8: Night Shift | B8: =COUNTIFS(Roster!#REF!,"AUH1",Roster!#REF!,"Direct",Roster!#REF!,"Night Shift") -> #REF! | C8: =SUMIFS($D$12:$D$27,$B$12:$B$27,"Night Shift") -> #REF! | D8: =SUMIFS($K$12:$K$27,$B$12:$B$27,"Night Shift") -> #REF! | E8: =SUMIFS($E$12:$E$27,$B$12:$B$27,"Night Shift") -> #REF! | F8: =COUNTIFS(#REF!,"AUH1",#REF!,"Night Shift",Table1[[#All],[OFF1]],"OT",#REF!,"Direct")+COUNTIFS(#REF!,"AUH1",#REF!,"Night Shift",Table1[[#All],[OFF2]],"OT",#REF!,"Direct") -> #REF! | G8: =SUMIFS($H$12:$H$27,$B$12:$B$27,"Night Shift")+SUMIFS($I$12:$I$27,$B$12:$B$27,"Night Shift") -> #REF! | H8: =D8-E8-G8 -> #REF! | I8: =H8/D8 -> #REF! | J8: 0.86430879 | K8: =I8/J8 -> #REF! | S8: Night Shift | T8: =COUNTIFS(Roster!#REF!,"AUH3",Roster!#REF!,"Direct",Roster!#REF!,"Night Shift")+COUNTIFS(Roster!#REF!,"DDB1",Roster!#REF!,"Direct",Roster!#REF!,"Night Shift") -> #REF! | U8: =SUMIFS($V$12:$V$14,$T$12:$T$14,"Night Shift") -> #REF! | V8: =SUMIFS($AC$12:$AC$14,$T$12:$T$14,"Night Shift") -> #REF! | W8: =SUMIFS($W$12:$W$14,$T$12:$T$14,"Night Shift") -> #REF! | X8: =COUNTIFS(#REF!,"AUH3",#REF!,"Night Shift",Table1[[#All],[OFF1]],"OT",#REF!,"Direct")+COUNTIFS(#REF!,"AUH3",#REF!,"Night Shift",Table1[[#All],[OFF2]],"OT",#REF!,"Direct") -> #REF! | Y8: =SUMIFS($Z$12:$Z$14,$T$12:$T$14,"Night Shift")+SUMIFS($AA$12:$AA$14,$T$12:$T$14,"Night Shift") -> #REF! | Z8: =V8-W8-Y8 -> #REF! | AA8: =Z8/V8 -> #REF! | AB8: 0.80333333 | AC8: =AA8/AB8 -> #REF! | AF8: Night Shift | AG8: =COUNTIFS(Roster!#REF!,"DAD1",Roster!#REF!,"Support",Roster!#REF!,"Night Shift") -> #REF! | AH8: =SUMIFS($AI$12:$AI$15,$AG$12:$AG$15,"Night Shift") -> #REF! | AI8: =SUMIFS($AP$12:$AP$15,$AG$12:$AG$15,"Night Shift") -> #REF! | AJ8: =SUMIFS($AJ$12:$AJ$15,$AG$12:$AG$15,"Night Shift") -> #REF! | AK8: =SUMIFS($AM$12:$AM$15,$AG$12:$AG$15,"Night Shift")+SUMIFS($AN$12:$AN$15,$AG$12:$AG$15,"Night Shift") -> #REF! | AL8: =COUNTIFS(#REF!,"DAD1",#REF!,"Night Shift",Table1[[#All],[OFF1]],"OT",#REF!,"Support")+COUNTIFS(#REF!,"DAD1",#REF!,"Night Shift",Table1[[#All],[OFF1]],"OT",#REF!,"Support") -> #REF! | AM8: =AI8-AJ8-AK8 -> #REF! | AN8: =AM8/AI8 -> #REF! | AO8: 0.9568 | AP8: =AN8/AO8 -> #REF!
A9: Grand Total | B9: =SUM(B6:B8) -> #REF! | C9: =SUM(C6:C8) -> #REF! | D9: =SUM(D6:D8) -> #REF! | E9: =SUM(E6:E8) -> #REF! | F9: =SUM(F6:F8) -> #REF! | G9: =SUM(G6:G8) -> #REF! | H9: =SUM(H6:H8) -> #REF! | I9: =H9/D9 -> #REF! | J9: 0.88054979 | K9: =I9/J9 -> #REF! | S9: Grand Total | T9: =SUM(T6:T8) -> #REF! | U9: =SUM(U6:U8) -> #REF! | V9: =SUM(V6:V8) -> #REF! | W9: =SUM(W6:W8) -> #REF! | X9: =SUM(X6:X8) -> #REF! | Y9: =SUM(Y6:Y8) -> #REF! | Z9: =SUM(Z6:Z8) -> #REF! | AA9: =Z9/V9 -> #REF! | AB9: 0.84692308 | AC9: =AA9/AB9 -> #REF! | AF9: Grand Total | AG9: =SUM(AG6:AG8) -> #REF! | AH9: =SUM(AH6:AH8) -> #REF! | AI9: =SUM(AI6:AI8) -> #REF! | AJ9: =SUM(AJ6:AJ8) -> #REF! | AK9: =SUM(AK6:AK8) -> #REF! | AL9: =SUM(AL6:AL8) -> #REF! | AM9: =SUM(AM6:AM8) -> #REF! | AN9: =AM9/AI9 -> #REF! | AO9: =AVERAGE(AO6,AO7,AO8) -> 0.95483333 | AP9: =AN9/AO9 -> #REF!
A11: Department | B11: Shift | C11: 0 | D11: OFF | E11: PL | F11: OT | G11: Present(Including OT) | H11: SL | I11: AB/ABWI | J11: Grand Total | K11: Scheduled | L11: Target | M11: Actual (without OT) | N11: Actual (with OT) | O11: HC As per Target % | P11: Actual HC Achived Without OT | Q11: Delta | S11: Department | T11: Shift | U11: 0 | V11: OFF | W11: PL | X11: OT | Y11: Present | Z11: SL | AA11: AB/ABWI | AB11: Grand Total | AC11: Scheduled | AD11: % | AF11: Department | AG11: Shift | AH11: 0 | AI11: OFF | AJ11: PL | AK11: Present | AL11: OT | AM11: SL | AN11: AB/ABWI | AO11: Grand Total | AP11: Scheduled | AQ11: %
A12: ICQA | B12: Day Shift | C12: =COUNTIFS(Roster!G:G,"0",Roster!F:F,"ICQA",Roster!#REF!,"Day Shift",Roster!#REF!,"Direct",Roster!#REF!,"AUH1") -> #REF! | D12: =COUNTIFS(Roster!G:G,"OFF",Roster!F:F,"ICQA",Roster!#REF!,"Day Shift",Roster!#REF!,"Direct",Roster!#REF!,"AUH1") -> #REF! | E12: =COUNTIFS(Roster!G:G,"PL",Roster!F:F,"ICQA",Roster!#REF!,"Day Shift",Roster!#REF!,"Direct",Roster!#REF!,"AUH1") -> #REF! | F12: =COUNTIFS(#REF!,"AUH1",#REF!,"Day Shift",Table1[[#All],[OFF1]],"OT",Table1[[#All],[Department]],Dashboard!A12)+COUNTIFS(#REF!,"AUH1",#REF!,"Day Shift",Table1[[#All],[OFF2]],"OT",Table1[[#All],[Department]],Dashboard!A12) -> #REF! | G12: =COUNTIFS(Roster!G:G,"P",Roster!F:F,"ICQA",Roster!#REF!,"Day Shift",Roster!#REF!,"Direct",Roster!#REF!,"AUH1") -> #REF! | H12: =COUNTIFS(Roster!G:G,"SL",Roster!F:F,"ICQA",Roster!#REF!,"Day Shift",Roster!#REF!,"Direct",Roster!#REF!,"AUH1") -> #REF! | I12: =COUNTIFS(Roster!G:G,"AB",Roster!F:F,"ICQA",Roster!#REF!,"Day Shift",Roster!#REF!,"Direct",Roster!#REF!,"AUH1")+COUNTIFS(Roster!G:G,"ABWI",Roster!F:F,"ICQA",Roster!#REF!,"Day Shift",Roster!#REF!,"Direct",Roster!#REF!,"AUH1") -> #REF! | J12: =SUM(G12:I12,)+SUM(C12:E12) -> #REF! | K12: =(J12-D12)-C12-F12 -> #REF! | L12: 0.89353448 | M12: =(G12-F12)/(K12) -> #REF! | N12: =G12/K12 -> #REF! | S12: Warehouse Deals | T12: Day Shift | U12: =COUNTIFS(Roster!G:G,"0",Roster!F:F,"Warehouse Deals",Roster!#REF!,"Day Shift",Roster!#REF!,"Direct",Roster!#REF!,"AUH3")+COUNTIFS(Roster!G:G,"0",Roster!F:F,"Warehouse Deals",Roster!#REF!,"Day Shift",Roster!#REF!,"Direct",Roster!#REF!,"DDB1") -> #REF! | V12: =COUNTIFS(Roster!G:G,"OFF",Roster!F:F,"Warehouse Deals",Roster!#REF!,"Day Shift",Roster!#REF!,"Direct",Roster!#REF!,"AUH3")+COUNTIFS(Roster!G:G,"OFF",Roster!F:F,"Warehouse Deals",Roster!#REF!,"Day Shift",Roster!#REF!,"Direct",Roster!#REF!,"DDB1") -> #REF! | W12: =COUNTIFS(Roster!G:G,"PL",Roster!F:F,"Warehouse Deals",Roster!#REF!,"Day Shift",Roster!#REF!,"Direct",Roster!#REF!,"AUH3")+COUNTIFS(Roster!G:G,"PL",Roster!F:F,"Warehouse Deals",Roster!#REF!,"Day Shift",Roster!#REF!,"Direct",Roster!#REF!,"DDB1") -> #REF! | X12: =COUNTIFS(#REF!,"AUH3",#REF!,"Day Shift",Table1[[#All],[OFF1]],"OT",Table1[[#All],[Department]],Dashboard!S12)+COUNTIFS(#REF!,"AUH3",#REF!,"Day Shift",Table1[[#All],[OFF2]],"OT",Table1[[#All],[Department]],Dashboard!S12) -> #REF! | Y12: =COUNTIFS(Roster!G:G,"P",Roster!F:F,"Warehouse Deals",Roster!#REF!,"Day Shift",Roster!#REF!,"Direct",Roster!#REF!,"AUH3")+COUNTIFS(Roster!G:G,"P",Roster!F:F,"Warehouse Deals",Roster!#REF!,"Day Shift",Roster!#REF!,"Direct",Roster!#REF!,"DDB1") -> #REF! | Z12: =COUNTIFS(Roster!G:G,"SL",Roster!F:F,"Warehouse Deals",Roster!#REF!,"Day Shift",Roster!#REF!,"Direct",Roster!#REF!,"AUH3")+COUNTIFS(Roster!G:G,"SL",Roster!F:F,"Warehouse Deals",Roster!#REF!,"Day Shift",Roster!#REF!,"Direct",Roster!#REF!,"DDB1") -> #REF! | AA12: =COUNTIFS(Roster!G:G,"AB",Roster!F:F,"Warehouse Deals",Roster!#REF!,"Day Shift",Roster!#REF!,"Direct",Roster!#REF!,"AUH3")+COUNTIFS(Roster!G:G,"AB",Roster!F:F,"Warehouse Deals",Roster!#REF!,"Day Shift",Roster!#REF!,"Direct",Roster!#REF!,"DDB1")+COUNTIFS(Roster!G:G,"ABWI",Roster!F:F,"Warehouse Deals",Roster!#REF!,"Day Shift",Roster!#REF!,"Direct",Roster!#REF!,"AUH3")+COUNTIFS(Roster!G:G,"ABWI",Roster!F:F,"Warehouse Deals",Roster!#REF!,"Day Shift",Roster!#REF!,"Direct",Roster!#REF!,"DDB1") -> #REF! | AB12: =SUM(Y12:AA12,)+SUM(U12:W12) -> #REF! | AC12: =(AB12-V12)-U12-X12 -> #REF! | AD12: =Y12/AC12 -> #REF! | AF12: Warehouse Deals | AG12: Day Shift | AH12: =COUNTIFS(Roster!G:G,"0",Roster!F:F,"Warehouse Deals",Roster!#REF!,"Day Shift",Roster!#REF!,"Support",Roster!#REF!,"DAD1") -> #REF! | AI12: =COUNTIFS(Roster!G:G,"OFF",Roster!F:F,"Warehouse Deals",Roster!#REF!,"Day Shift",Roster!#REF!,"Support",Roster!#REF!,"DAD1") -> #REF! | AJ12: =COUNTIFS(Roster!G:G,"PL",Roster!F:F,"Warehouse Deals",Roster!#REF!,"Day Shift",Roster!#REF!,"Support",Roster!#REF!,"DAD1") -> #REF! | AK12: =COUNTIFS(Roster!G:G,"P",Roster!F:F,"Warehouse Deals",Roster!#REF!,"Day Shift",Roster!#REF!,"Support",Roster!#REF!,"DAD1") -> #REF! | AL12: =COUNTIFS(#REF!,"DAD1",#REF!,"Day Shift",Table1[[#All],[OFF1]],"OT",#REF!,"Support")+COUNTIFS(#REF!,"DAD1",#REF!,"Day Shift",Table1[[#All],[OFF2]],"OT",#REF!,"Support") -> #REF! | AM12: =COUNTIFS(Roster!G:G,"SL",Roster!F:F,"Warehouse Deals",Roster!#REF!,"Day Shift",Roster!#REF!,"Support",Roster!#REF!,"DAD1") -> #REF! | AN12: =COUNTIFS(Roster!G:G,"AB",Roster!F:F,"Warehouse Deals",Roster!#REF!,"Day Shift",Roster!#REF!,"Support",Roster!#REF!,"DAD1")+COUNTIFS(Roster!G:G,"ABWI",Roster!F:F,"Warehouse Deals",Roster!#REF!,"Day Shift",Roster!#REF!,"Support",Roster!#REF!,"DAD1") -> #REF! | AO12: =SUM(AM12:AN12,)+SUM(AH12:AK12) -> #REF! | AP12: =(AO12-AI12)-AH12 -> #REF! | AQ12: =AK12/AP12 -> #REF!
B13: Mid Shift | C13: 0 | D13: =COUNTIFS(Roster!G:G,"OFF",Roster!F:F,"ICQA",Roster!#REF!,"Mid Shift",Roster!#REF!,"Direct",Roster!#REF!,"AUH1") -> #REF! | E13: =COUNTIFS(Roster!G:G,"PL",Roster!F:F,"ICQA",Roster!#REF!,"Mid Shift",Roster!#REF!,"Direct",Roster!#REF!,"AUH1") -> #REF! | F13: =COUNTIFS(#REF!,"AUH1",#REF!,"Mid Shift",Table1[[#All],[OFF1]],"OT",Table1[[#All],[Department]],Dashboard!A12)+COUNTIFS(#REF!,"AUH1",#REF!,"Mid Shift",Table1[[#All],[OFF2]],"OT",Table1[[#All],[Department]],Dashboard!A12) -> #REF! | G13: =COUNTIFS(Roster!G:G,"P",Roster!F:F,"ICQA",Roster!#REF!,"Mid Shift",Roster!#REF!,"Direct",Roster!#REF!,"AUH1") -> #REF! | H13: =COUNTIFS(Roster!G:G,"SL",Roster!F:F,"ICQA",Roster!#REF!,"Mid Shift",Roster!#REF!,"Direct",Roster!#REF!,"AUH1") -> #REF! | I13: =COUNTIFS(Roster!G:G,"AB",Roster!F:F,"ICQA",Roster!#REF!,"Mid Shift",Roster!#REF!,"Direct",Roster!#REF!,"AUH1")+COUNTIFS(Roster!G:G,"ABWI",Roster!F:F,"ICQA",Roster!#REF!,"Mid Shift",Roster!#REF!,"Direct",Roster!#REF!,"AUH1") -> #REF! | J13: =SUM(G13:I13,)+SUM(C13:E13) -> #REF! | K13: =(J13-D13)-C13-F13 -> #REF! | M13: =(G13-F13)/(K13) -> #REF! | N13: =(H13-G13)/(L13) -> #REF! | T13: Mid Shift | U13: =COUNTIFS(Roster!G:G,"0",Roster!F:F,"Warehouse Deals",Roster!#REF!,"Mid Shift",Roster!#REF!,"Direct",Roster!#REF!,"AUH3")+COUNTIFS(Roster!G:G,"0",Roster!F:F,"Warehouse Deals",Roster!#REF!,"Mid Shift",Roster!#REF!,"Direct",Roster!#REF!,"DDB1") -> #REF! | V13: =COUNTIFS(Roster!G:G,"OFF",Roster!F:F,"Warehouse Deals",Roster!#REF!,"Mid Shift",Roster!#REF!,"Direct",Roster!#REF!,"AUH3")+COUNTIFS(Roster!G:G,"OFF",Roster!F:F,"Warehouse Deals",Roster!#REF!,"Mid Shift",Roster!#REF!,"Direct",Roster!#REF!,"DDB1") -> #REF! | W13: =COUNTIFS(Roster!G:G,"PL",Roster!F:F,"Warehouse Deals",Roster!#REF!,"Mid Shift",Roster!#REF!,"Direct",Roster!#REF!,"AUH3")+COUNTIFS(Roster!G:G,"PL",Roster!F:F,"Warehouse Deals",Roster!#REF!,"Mid Shift",Roster!#REF!,"Direct",Roster!#REF!,"DDB1") -> #REF! | X13: =COUNTIFS(#REF!,"AUH3",#REF!,"Mid Shift",Table1[[#All],[OFF1]],"OT",Table1[[#All],[Department]],Dashboard!S12)+COUNTIFS(#REF!,"AUH3",#REF!,"Mid Shift",Table1[[#All],[OFF2]],"OT",Table1[[#All],[Department]],Dashboard!S12) -> #REF! | Y13: =COUNTIFS(Roster!G:G,"P",Roster!F:F,"Warehouse Deals",Roster!#REF!,"Mid Shift",Roster!#REF!,"Direct",Roster!#REF!,"AUH3")+COUNTIFS(Roster!G:G,"P",Roster!F:F,"Warehouse Deals",Roster!#REF!,"Mid Shift",Roster!#REF!,"Direct",Roster!#REF!,"DDB1") -> #REF! | Z13: =COUNTIFS(Roster!G:G,"SL",Roster!F:F,"Warehouse Deals",Roster!#REF!,"Mid Shift",Roster!#REF!,"Direct",Roster!#REF!,"AUH3")+COUNTIFS(Roster!G:G,"SL",Roster!F:F,"Warehouse Deals",Roster!#REF!,"Mid Shift",Roster!#REF!,"Direct",Roster!#REF!,"DDB1") -> #REF! | AA13: =COUNTIFS(Roster!G:G,"AB",Roster!F:F,"Warehouse Deals",Roster!#REF!,"Mid Shift",Roster!#REF!,"Direct",Roster!#REF!,"AUH3")+COUNTIFS(Roster!G:G,"AB",Roster!F:F,"Warehouse Deals",Roster!#REF!,"Mid Shift",Roster!#REF!,"Direct",Roster!#REF!,"DDB1")+COUNTIFS(Roster!G:G,"ABWI",Roster!F:F,"Warehouse Deals",Roster!#REF!,"Mid Shift",Roster!#REF!,"Direct",Roster!#REF!,"AUH3")+COUNTIFS(Roster!G:G,"ABWI",Roster!F:F,"Warehouse Deals",Roster!#REF!,"Mid Shift",Roster!#REF!,"Direct",Roster!#REF!,"DDB1") -> #REF! | AB13: =SUM(Y13:AA13,)+SUM(U13:W13) -> #REF! | AC13: =(AB13-V13)-U13-X13 -> #REF! | AD13: =Y13/AC13 -> #REF! | AG13: Mid Shift | AH13: =COUNTIFS(Roster!G:G,"0",Roster!F:F,"Warehouse Deals",Roster!#REF!,"Mid Shift",Roster!#REF!,"Support",Roster!#REF!,"DAD1") -> #REF! | AI13: =COUNTIFS(Roster!G:G,"OFF",Roster!F:F,"Warehouse Deals",Roster!#REF!,"Mid Shift",Roster!#REF!,"Support",Roster!#REF!,"DAD1") -> #REF! | AJ13: =COUNTIFS(Roster!G:G,"PL",Roster!F:F,"Warehouse Deals",Roster!#REF!,"Mid Shift",Roster!#REF!,"Support",Roster!#REF!,"DAD1") -> #REF! | AK13: =COUNTIFS(Roster!G:G,"P",Roster!F:F,"Warehouse Deals",Roster!#REF!,"Mid Shift",Roster!#REF!,"Support",Roster!#REF!,"DAD1") -> #REF! | AL13: =COUNTIFS(#REF!,"DAD1",#REF!,"Mid Shift",Table1[[#All],[OFF1]],"OT",#REF!,"Direct")+COUNTIFS(#REF!,"DAD1",#REF!,"Mid Shift",Table1[[#All],[OFF2]],"OT",#REF!,"Direct") -> #REF! | AM13: =COUNTIFS(Roster!G:G,"SL",Roster!F:F,"Warehouse Deals",Roster!#REF!,"Mid Shift",Roster!#REF!,"Support",Roster!#REF!,"DAD1") -> #REF! | AN13: =COUNTIFS(Roster!G:G,"AB",Roster!F:F,"Warehouse Deals",Roster!#REF!,"Mid Shift",Roster!#REF!,"Support",Roster!#REF!,"DAD1")+COUNTIFS(Roster!G:G,"ABWI",Roster!F:F,"Warehouse Deals",Roster!#REF!,"Mid Shift",Roster!#REF!,"Support",Roster!#REF!,"DAD1") -> #REF! | AO13: =SUM(AM13:AN13,)+SUM(AH13:AK13) -> #REF! | AP13: =(AO13-AI13)-AH13 -> #REF! | AQ13: =AK13/AP13 -> #REF!
B14: Night Shift | C14: =COUNTIFS(Roster!G:G,"0",Roster!F:F,"ICQA",Roster!#REF!,"Night Shift",Roster!#REF!,"Direct",Roster!#REF!,"AUH1") -> #REF! | D14: =COUNTIFS(Roster!G:G,"OFF",Roster!F:F,"ICQA",Roster!#REF!,"Night Shift",Roster!#REF!,"Direct",Roster!#REF!,"AUH1") -> #REF! | E14: =COUNTIFS(Roster!G:G,"PL",Roster!F:F,"ICQA",Roster!#REF!,"Night Shift",Roster!#REF!,"Direct",Roster!#REF!,"AUH1") -> #REF! | F14: =COUNTIFS(#REF!,"AUH1",#REF!,"Night Shift",Table1[[#All],[OFF1]],"OT",Table1[[#All],[Department]],Dashboard!A12)+COUNTIFS(#REF!,"AUH1",#REF!,"Night Shift",Table1[[#All],[OFF2]],"OT",Table1[[#All],[Department]],Dashboard!A12) -> #REF! | G14: =COUNTIFS(Roster!G:G,"P",Roster!F:F,"ICQA",Roster!#REF!,"Night Shift",Roster!#REF!,"Direct",Roster!#REF!,"AUH1") -> #REF! | H14: =COUNTIFS(Roster!G:G,"SL",Roster!F:F,"ICQA",Roster!#REF!,"Night Shift",Roster!#REF!,"Direct",Roster!#REF!,"AUH1") -> #REF! | I14: =COUNTIFS(Roster!G:G,"AB",Roster!F:F,"ICQA",Roster!#REF!,"Night Shift",Roster!#REF!,"Direct",Roster!#REF!,"AUH1")+COUNTIFS(Roster!G:G,"ABWI",Roster!F:F,"ICQA",Roster!#REF!,"Night Shift",Roster!#REF!,"Direct",Roster!#REF!,"AUH1") -> #REF! | J14: =SUM(G14:I14,)+SUM(C14:E14) -> #REF! | K14: =(J14-D14)-C14-F14 -> #REF! | L14: 0.7125 | M14: =(G14-F14)/(K14) -> #REF! | N14: =G14/K14 -> #REF! | T14: Night Shift | U14: =COUNTIFS(Roster!G:G,"0",Roster!F:F,"Warehouse Deals",Roster!#REF!,"Mid Shift",Roster!#REF!,"Direct",Roster!#REF!,"AUH3")+COUNTIFS(Roster!G:G,"0",Roster!F:F,"Warehouse Deals",Roster!#REF!,"Mid Shift",Roster!#REF!,"Direct",Roster!#REF!,"DDB1") -> #REF! | V14: =COUNTIFS(Roster!G:G,"OFF",Roster!F:F,"Warehouse Deals",Roster!#REF!,"Night Shift",Roster!#REF!,"Direct",Roster!#REF!,"AUH3")+COUNTIFS(Roster!G:G,"OFF",Roster!F:F,"Warehouse Deals",Roster!#REF!,"Night Shift",Roster!#REF!,"Direct",Roster!#REF!,"DDB1") -> #REF! | W14: =COUNTIFS(Roster!G:G,"PL",Roster!F:F,"Warehouse Deals",Roster!#REF!,"Night Shift",Roster!#REF!,"Direct",Roster!#REF!,"AUH3")+COUNTIFS(Roster!G:G,"PL",Roster!F:F,"Warehouse Deals",Roster!#REF!,"Night Shift",Roster!#REF!,"Direct",Roster!#REF!,"DDB1") -> #REF! | X14: =COUNTIFS(#REF!,"AUH3",#REF!,"Night Shift",Table1[[#All],[OFF1]],"OT",Table1[[#All],[Department]],Dashboard!S12)+COUNTIFS(#REF!,"AUH3",#REF!,"Night Shift",Table1[[#All],[OFF2]],"OT",Table1[[#All],[Department]],Dashboard!S12) -> #REF! | Y14: =COUNTIFS(Roster!G:G,"P",Roster!F:F,"Warehouse Deals",Roster!#REF!,"Night Shift",Roster!#REF!,"Direct",Roster!#REF!,"AUH3")+COUNTIFS(Roster!G:G,"P",Roster!F:F,"Warehouse Deals",Roster!#REF!,"Night Shift",Roster!#REF!,"Direct",Roster!#REF!,"DDB1") -> #REF! | Z14: =COUNTIFS(Roster!G:G,"SL",Roster!F:F,"Warehouse Deals",Roster!#REF!,"Night Shift",Roster!#REF!,"Direct",Roster!#REF!,"AUH3")+COUNTIFS(Roster!G:G,"SL",Roster!F:F,"Warehouse Deals",Roster!#REF!,"Night Shift",Roster!#REF!,"Direct",Roster!#REF!,"DDB1") -> #REF! | AA14: =COUNTIFS(Roster!G:G,"AB",Roster!F:F,"Warehouse Deals",Roster!#REF!,"Night Shift",Roster!#REF!,"Direct",Roster!#REF!,"AUH3")+COUNTIFS(Roster!G:G,"AB",Roster!F:F,"Warehouse Deals",Roster!#REF!,"Night Shift",Roster!#REF!,"Direct",Roster!#REF!,"DDB1")+COUNTIFS(Roster!G:G,"ABWI",Roster!F:F,"Warehouse Deals",Roster!#REF!,"Night Shift",Roster!#REF!,"Direct",Roster!#REF!,"AUH3")+COUNTIFS(Roster!G:G,"ABWI",Roster!F:F,"Warehouse Deals",Roster!#REF!,"Night Shift",Roster!#REF!,"Direct",Roster!#REF!,"DDB1") -> #REF! | AB14: =SUM(Y14:AA14,)+SUM(U14:W14) -> #REF! | AC14: =(AB14-V14)-U14-X14 -> #REF! | AD14: =Y14/AC14 -> #REF! | AG14: Night Shift | AH14: =COUNTIFS(Roster!G:G,"0",Roster!F:F,"Warehouse Deals",Roster!#REF!,"Night Shift",Roster!#REF!,"Support",Roster!#REF!,"DAD1") -> #REF! | AI14: =COUNTIFS(Roster!G:G,"OFF",Roster!F:F,"Warehouse Deals",Roster!#REF!,"Night Shift",Roster!#REF!,"Support",Roster!#REF!,"DAD1") -> #REF! | AJ14: =COUNTIFS(Roster!G:G,"PL",Roster!F:F,"Warehouse Deals",Roster!#REF!,"Night Shift",Roster!#REF!,"Support",Roster!#REF!,"DAD1") -> #REF! | AK14: =COUNTIFS(Roster!G:G,"P",Roster!F:F,"Warehouse Deals",Roster!#REF!,"Night Shift",Roster!#REF!,"Support",Roster!#REF!,"DAD1") -> #REF! | AL14: =COUNTIFS(#REF!,"DAD1",#REF!,"Night Shift",Table1[[#All],[OFF1]],"OT",#REF!,"Support")+COUNTIFS(#REF!,"DAD1",#REF!,"Night Shift",Table1[[#All],[OFF1]],"OT",#REF!,"Support") -> #REF! | AM14: =COUNTIFS(Roster!G:G,"SL",Roster!F:F,"Warehouse Deals",Roster!#REF!,"Night Shift",Roster!#REF!,"Support",Roster!#REF!,"DAD1") -> #REF! | AN14: =COUNTIFS(Roster!G:G,"AB",Roster!F:F,"Warehouse Deals",Roster!#REF!,"Night Shift",Roster!#REF!,"Support",Roster!#REF!,"DAD1")+COUNTIFS(Roster!G:G,"ABWI",Roster!F:F,"Warehouse Deals",Roster!#REF!,"Night Shift",Roster!#REF!,"Support",Roster!#REF!,"DAD1") -> #REF! | AO14: =SUM(AM14:AN14,)+SUM(AH14:AK14) -> #REF! | AP14: =(AO14-AI14)-AH14 -> #REF! | AQ14: =AK14/AP14 -> #REF!
A15: ICQA Total | C15: =SUM(C12:C14) -> #REF! | D15: =SUM(D12:D14) -> #REF! | E15: =SUM(E12:E14) -> #REF! | F15: =SUM(F12:F14) -> #REF! | G15: =SUM(G12:G14) -> #REF! | H15: =SUM(H12:H14) -> #REF! | I15: =SUM(I12:I14) -> #REF! | J15: =SUM(J12:J14) -> #REF! | K15: =SUM(K12:K14) -> #REF! | L15: 0.87159091 | M15: =(G15-F15)/(K15) -> #REF! | N15: =G15/K15 -> #REF! | O15: =L15*K15 -> #REF! | P15: =G15-F15 -> #REF! | Q15: =P15-O15 -> #REF! | S15: SC Total | U15: =SUM(U12:U14) -> #REF! | V15: =SUM(V12:V14) -> #REF! | W15: =SUM(W12:W14) -> #REF! | X15: =SUM(X12:X14) -> #REF! | Y15: =SUM(Y12:Y14) -> #REF! | Z15: =SUM(Z12:Z14) -> #REF! | AA15: =SUM(AA12:AA14) -> #REF! | AB15: =SUM(AB12:AB14) -> #REF! | AC15: =SUM(AC12:AC14) -> #REF! | AF15: Warehouse Deals | AH15: =SUM(AH12:AH14) -> #REF! | AI15: =SUM(AI12:AI14) -> #REF! | AJ15: =SUM(AJ12:AJ14) -> #REF! | AK15: =SUM(AK12:AK14) -> #REF! | AL15: =SUM(AL12:AL14) -> #REF! | AM15: =SUM(AM12:AM14) -> #REF! | AN15: =SUM(AN12:AN14) -> #REF! | AO15: =SUM(AO12:AO14) -> #REF! | AP15: =SUM(AP12:AP14) -> #REF!
A16: Inbound | B16: Day Shift | C16: =COUNTIFS(Roster!G:G,"0",Roster!F:F,"Inbound",Roster!#REF!,"Day Shift",Roster!#REF!,"Direct",Roster!#REF!,"AUH1") -> #REF! | D16: =COUNTIFS(Roster!G:G,"OFF",Roster!F:F,"Inbound",Roster!#REF!,"Day Shift",Roster!#REF!,"Direct",Roster!#REF!,"AUH1") -> #REF! | E16: =COUNTIFS(Roster!G:G,"PL",Roster!F:F,"Inbound",Roster!#REF!,"Day Shift",Roster!#REF!,"Direct",Roster!#REF!,"AUH1") -> #REF! | F16: =COUNTIFS(#REF!,"AUH1",#REF!,"Day Shift",Table1[[#All],[OFF1]],"OT",Table1[[#All],[Department]],Dashboard!A16)+COUNTIFS(#REF!,"AUH1",#REF!,"Day Shift",Table1[[#All],[OFF2]],"OT",Table1[[#All],[Department]],Dashboard!A16) -> #REF! | G16: =COUNTIFS(Roster!G:G,"P",Roster!F:F,"Inbound",Roster!#REF!,"Day Shift",Roster!#REF!,"Direct",Roster!#REF!,"AUH1") -> #REF! | H16: =COUNTIFS(Roster!G:G,"SL",Roster!F:F,"Inbound",Roster!#REF!,"Day Shift",Roster!#REF!,"Direct",Roster!#REF!,"AUH1") -> #REF! | I16: =COUNTIFS(Roster!G:G,"AB",Roster!F:F,"Inbound",Roster!#REF!,"Day Shift",Roster!#REF!,"Direct",Roster!#REF!,"AUH1")+COUNTIFS(Roster!G:G,"ABWI",Roster!F:F,"Inbound",Roster!#REF!,"Day Shift",Roster!#REF!,"Direct",Roster!#REF!,"AUH1") -> #REF! | J16: =SUM(G16:I16,)+SUM(C16:E16) -> #REF! | K16: =(J16-D16)-C16-F16 -> #REF! | L16: 0.90413424 | M16: =(G16-F16)/(K16) -> #REF! | N16: =G16/K16 -> #REF! | AF16: Grand Total | AH16: =AH15 -> #REF! | AI16: =AI15 -> #REF! | AJ16: =AJ15 -> #REF! | AK16: =AK15 -> #REF! | AL16: =AL15 -> #REF! | AM16: =AM15 -> #REF! | AN16: =AN15 -> #REF! | AO16: =AO15 -> #REF! | AP16: =AP15 -> #REF!
B17: Mid Shift | C17: =COUNTIFS(Roster!G:G,"0",Roster!F:F,"Inbound",Roster!#REF!,"Mid Shift",Roster!#REF!,"Direct",Roster!#REF!,"AUH1") -> #REF! | D17: =COUNTIFS(Roster!G:G,"OFF",Roster!F:F,"Inbound",Roster!#REF!,"Mid Shift",Roster!#REF!,"Direct",Roster!#REF!,"AUH1") -> #REF! | E17: =COUNTIFS(Roster!G:G,"PL",Roster!F:F,"Inbound",Roster!#REF!,"Mid Shift",Roster!#REF!,"Direct",Roster!#REF!,"AUH1") -> #REF! | F17: =COUNTIFS(#REF!,"AUH1",#REF!,"Mid Shift",Table1[[#All],[OFF1]],"OT",Table1[[#All],[Department]],Dashboard!A16)+COUNTIFS(#REF!,"AUH1",#REF!,"Mid Shift",Table1[[#All],[OFF2]],"OT",Table1[[#All],[Department]],Dashboard!A16) -> #REF! | G17: =COUNTIFS(Roster!G:G,"P",Roster!F:F,"Inbound",Roster!#REF!,"Mid Shift",Roster!#REF!,"Direct",Roster!#REF!,"AUH1") -> #REF! | H17: =COUNTIFS(Roster!G:G,"SL",Roster!F:F,"Inbound",Roster!#REF!,"Mid Shift",Roster!#REF!,"Direct",Roster!#REF!,"AUH1") -> #REF! | I17: =COUNTIFS(Roster!G:G,"AB",Roster!F:F,"Inbound",Roster!#REF!,"Mid Shift",Roster!#REF!,"Direct",Roster!#REF!,"AUH1")+COUNTIFS(Roster!G:G,"ABWI",Roster!F:F,"Inbound",Roster!#REF!,"Mid Shift",Roster!#REF!,"Direct",Roster!#REF!,"AUH1") -> #REF! | J17: =SUM(G17:I17,)+SUM(C17:E17) -> #REF! | K17: =(J17-D17)-C17-F17 -> #REF! | M17: =(G17-F17)/(K17) -> #REF! | N17: =G17/K17 -> #REF! | S17: Department | T17: Shift | U17: 0 | V17: OFF | W17: PL | X17: OT | Y17: Present | Z17: SL | AA17: AB/ABWI | AB17: Grand Total | AC17: Scheduled | AD17: %
B18: Night Shift | C18: =COUNTIFS(Roster!G:G,"0",Roster!F:F,"Inbound",Roster!#REF!,"Night Shift",Roster!#REF!,"Direct",Roster!#REF!,"AUH1") -> #REF! | D18: =COUNTIFS(Roster!G:G,"OFF",Roster!F:F,"Inbound",Roster!#REF!,"Night Shift",Roster!#REF!,"Direct",Roster!#REF!,"AUH1") -> #REF! | E18: =COUNTIFS(Roster!G:G,"PL",Roster!F:F,"Inbound",Roster!#REF!,"Night Shift",Roster!#REF!,"Direct",Roster!#REF!,"AUH1") -> #REF! | F18: =COUNTIFS(#REF!,"AUH1",#REF!,"Night Shift",Table1[[#All],[OFF1]],"OT",Table1[[#All],[Department]],Dashboard!A16)+COUNTIFS(#REF!,"AUH1",#REF!,"Night Shift",Table1[[#All],[OFF2]],"OT",Table1[[#All],[Department]],Dashboard!A16) -> #REF! | G18: =COUNTIFS(Roster!G:G,"P",Roster!F:F,"Inbound",Roster!#REF!,"Night Shift",Roster!#REF!,"Direct",Roster!#REF!,"AUH1") -> #REF! | H18: =COUNTIFS(Roster!G:G,"SL",Roster!F:F,"Inbound",Roster!#REF!,"Night Shift",Roster!#REF!,"Direct",Roster!#REF!,"AUH1") -> #REF! | I18: =COUNTIFS(Roster!G:G,"AB",Roster!F:F,"Inbound",Roster!#REF!,"Night Shift",Roster!#REF!,"Direct",Roster!#REF!,"AUH1")+COUNTIFS(Roster!G:G,"ABWI",Roster!F:F,"Inbound",Roster!#REF!,"Night Shift",Roster!#REF!,"Direct",Roster!#REF!,"AUH1") -> #REF! | J18: =SUM(G18:I18,)+SUM(C18:E18) -> #REF! | K18: =(J18-D18)-C18-F18 -> #REF! | L18: 0.9 | M18: =(G18-F18)/(K18) -> #REF! | N18: =G18/K18 -> #REF! | S18: Warehouse Deals | T18: Regular | U18: =COUNTIFS(Roster!#REF!,"AUH3",Roster!#REF!,"Direct",Roster!G:G,"0",Roster!#REF!,"Regular")+COUNTIFS(Roster!#REF!,"DDB1",Roster!#REF!,"Direct",Roster!G:G,"0",Roster!#REF!,"Regular") -> #REF! | V18: =COUNTIFS(Roster!#REF!,"AUH3",Roster!#REF!,"Direct",Roster!G:G,"OFF",Roster!#REF!,"Regular")+COUNTIFS(Roster!#REF!,"DDB1",Roster!#REF!,"Direct",Roster!G:G,"OFF",Roster!#REF!,"Regular") -> #REF! | W18: =COUNTIFS(Roster!#REF!,"AUH3",Roster!#REF!,"Direct",Roster!G:G,"PL",Roster!#REF!,"Regular")+COUNTIFS(Roster!#REF!,"DDB1",Roster!#REF!,"Direct",Roster!G:G,"PL",Roster!#REF!,"Regular") -> #REF! | X18: =COUNTIFS(#REF!,"AUH3",#REF!,"Regular",Table1[[#All],[OFF1]],"OT",Table1[[#All],[Department]],Dashboard!S18)+COUNTIFS(#REF!,"AUH3",#REF!,"Regular",Table1[[#All],[OFF2]],"OT",Table1[[#All],[Department]],Dashboard!S18) -> #REF! | Y18: =COUNTIFS(Roster!#REF!,"AUH3",Roster!#REF!,"Direct",Roster!G:G,"P",Roster!#REF!,"Regular")+COUNTIFS(Roster!#REF!,"DDB1",Roster!#REF!,"Direct",Roster!G:G,"P",Roster!#REF!,"Regular") -> #REF! | Z18: =COUNTIFS(Roster!#REF!,"AUH3",Roster!#REF!,"Direct",Roster!G:G,"SL",Roster!#REF!,"Regular")+COUNTIFS(Roster!#REF!,"DDB1",Roster!#REF!,"Direct",Roster!G:G,"SL",Roster!#REF!,"Regular") -> #REF! | AA18: =COUNTIFS(Roster!#REF!,"AUH3",Roster!#REF!,"Direct",Roster!G:G,"AB",Roster!#REF!,"Regular")+COUNTIFS(Roster!#REF!,"DDB1",Roster!#REF!,"Direct",Roster!G:G,"AB",Roster!#REF!,"Regular")+COUNTIFS(Roster!#REF!,"AUH3",Roster!#REF!,"Direct",Roster!G:G,"ABWI",Roster!#REF!,"Regular")+COUNTIFS(Roster!#REF!,"DDB1",Roster!#REF!,"Direct",Roster!G:G,"ABWI",Roster!#REF!,"Regular") -> #REF! | AB18: =SUM(Y18:AA18,)+SUM(U18:W18) -> #REF! | AC18: =(AB18-V18)-U18 -> #REF! | AD18: =Y18/AC18 -> #REF! | AL18: =1443+83 -> 1526
A19: Inbound Total | C19: =SUM(C16:C18) -> #REF! | D19: =SUM(D16:D18) -> #REF! | E19: =SUM(E16:E18) -> #REF! | F19: =SUM(F16:F18) -> #REF! | G19: =SUM(G16:G18) -> #REF! | H19: =SUM(H16:H18) -> #REF! | I19: =SUM(I16:I18) -> #REF! | J19: =SUM(J16:J18) -> #REF! | K19: =SUM(K16:K18) -> #REF! | L19: 0.90348361 | M19: =(G19-F19)/(K19) -> #REF! | N19: =G19/K19 -> #REF! | O19: =L19*K19 -> #REF! | P19: =G19-F19 -> #REF! | Q19: =P19-O19 -> #REF! | T19: Temporary | U19: =COUNTIFS(Roster!#REF!,"AUH3",Roster!#REF!,"Direct",Roster!G:G,"0",Roster!#REF!,"Temporary")+COUNTIFS(Roster!#REF!,"DDB1",Roster!#REF!,"Direct",Roster!G:G,"0",Roster!#REF!,"Temporary") -> #REF! | V19: =COUNTIFS(Roster!#REF!,"AUH3",Roster!#REF!,"Direct",Roster!G:G,"OFF",Roster!#REF!,"Temporary")+COUNTIFS(Roster!#REF!,"DDB1",Roster!#REF!,"Direct",Roster!G:G,"OFF",Roster!#REF!,"Temporary") -> #REF! | W19: =COUNTIFS(Roster!#REF!,"AUH3",Roster!#REF!,"Direct",Roster!G:G,"PL",Roster!#REF!,"Temporary")+COUNTIFS(Roster!#REF!,"DDB1",Roster!#REF!,"Direct",Roster!G:G,"PL",Roster!#REF!,"Temporary") -> #REF! | X19: =COUNTIFS(#REF!,"AUH3",#REF!,"Temporary",Table1[[#All],[OFF1]],"OT",Table1[[#All],[Department]],Dashboard!S18)+COUNTIFS(#REF!,"AUH3",#REF!,"Temporary",Table1[[#All],[OFF2]],"OT",Table1[[#All],[Department]],Dashboard!S18) -> #REF! | Y19: =COUNTIFS(Roster!#REF!,"AUH3",Roster!#REF!,"Direct",Roster!G:G,"P",Roster!#REF!,"Temporary")+COUNTIFS(Roster!#REF!,"DDB1",Roster!#REF!,"Direct",Roster!G:G,"P",Roster!#REF!,"Temporary") -> #REF! | Z19: =COUNTIFS(Roster!#REF!,"AUH3",Roster!#REF!,"Direct",Roster!G:G,"SL",Roster!#REF!,"Temporary")+COUNTIFS(Roster!#REF!,"DDB1",Roster!#REF!,"Direct",Roster!G:G,"SL",Roster!#REF!,"Temporary") -> #REF! | AA19: =COUNTIFS(Roster!#REF!,"AUH3",Roster!#REF!,"Direct",Roster!G:G,"AB",Roster!#REF!,"Temporary")+COUNTIFS(Roster!#REF!,"DDB1",Roster!#REF!,"Direct",Roster!G:G,"AB",Roster!#REF!,"Temporary")+COUNTIFS(Roster!#REF!,"AUH3",Roster!#REF!,"Direct",Roster!G:G,"ABWI",Roster!#REF!,"Temporary")+COUNTIFS(Roster!#REF!,"DDB1",Roster!#REF!,"Direct",Roster!G:G,"ABWI",Roster!#REF!,"Temporary") -> #REF! | AB19: =SUM(Y19:AA19,)+SUM(U19:W19) -> #REF! | AC19: =(AB19-V19)-U19 -> #REF! | AD19: =Y19/AC19 -> #REF!
A20: Outbound | B20: Day Shift | C20: =COUNTIFS(Roster!G:G,"0",Roster!F:F,"Outbound",Roster!#REF!,"Day Shift",Roster!#REF!,"Direct",Roster!#REF!,"AUH1") -> #REF! | D20: =COUNTIFS(Roster!G:G,"OFF",Roster!F:F,"Outbound",Roster!#REF!,"Day Shift",Roster!#REF!,"Direct",Roster!#REF!,"AUH1") -> #REF! | E20: =COUNTIFS(Roster!G:G,"PL",Roster!F:F,"Outbound",Roster!#REF!,"Day Shift",Roster!#REF!,"Direct",Roster!#REF!,"AUH1") -> #REF! | F20: =COUNTIFS(#REF!,"AUH1",#REF!,"Day Shift",Table1[[#All],[OFF1]],"OT",Table1[[#All],[Department]],Dashboard!A20)+COUNTIFS(#REF!,"AUH1",#REF!,"Day Shift",Table1[[#All],[OFF2]],"OT",Table1[[#All],[Department]],Dashboard!A20) -> #REF! | G20: =COUNTIFS(Roster!G:G,"P",Roster!F:F,"Outbound",Roster!#REF!,"Day Shift",Roster!#REF!,"Direct",Roster!#REF!,"AUH1") -> #REF! | H20: =COUNTIFS(Roster!G:G,"SL",Roster!F:F,"Outbound",Roster!#REF!,"Day Shift",Roster!#REF!,"Direct",Roster!#REF!,"AUH1") -> #REF! | I20: =COUNTIFS(Roster!G:G,"AB",Roster!F:F,"Outbound",Roster!#REF!,"Day Shift",Roster!#REF!,"Direct",Roster!#REF!,"AUH1")+COUNTIFS(Roster!G:G,"ABWI",Roster!F:F,"Outbound",Roster!#REF!,"Day Shift",Roster!#REF!,"Direct",Roster!#REF!,"AUH1") -> #REF! | J20: =SUM(G20:I20,)+SUM(C20:E20) -> #REF! | K20: =(J20-D20)-C20-F20 -> #REF! | L20: 0.8744171 | M20: =(G20-F20)/(K20) -> #REF! | N20: =G20/K20 -> #REF! | S20: SC Total | U20: =SUM(U17:U19) -> #REF! | V20: =SUM(V17:V19) -> #REF! | W20: =SUM(W17:W19) -> #REF! | X20: =SUM(X17:X19) -> #REF! | Y20: =SUM(Y17:Y19) -> #REF! | Z20: =SUM(Z17:Z19) -> #REF! | AA20: =SUM(AA17:AA19) -> #REF! | AB20: =SUM(AB17:AB19) -> #REF! | AC20: =SUM(AC18:AC19) -> #REF!
B21: Mid Shift | C21: =COUNTIFS(Roster!G:G,"0",Roster!F:F,"Outbound",Roster!#REF!,"Mid Shift",Roster!#REF!,"Direct",Roster!#REF!,"AUH1") -> #REF! | D21: =COUNTIFS(Roster!G:G,"OFF",Roster!F:F,"Outbound",Roster!#REF!,"Mid Shift",Roster!#REF!,"Direct",Roster!#REF!,"AUH1") -> #REF! | E21: =COUNTIFS(Roster!G:G,"PL",Roster!F:F,"Outbound",Roster!#REF!,"Mid Shift",Roster!#REF!,"Direct",Roster!#REF!,"AUH1") -> #REF! | F21: =COUNTIFS(#REF!,"AUH1",#REF!,"Mid Shift",Table1[[#All],[OFF1]],"OT",Table1[[#All],[Department]],Dashboard!A20)+COUNTIFS(#REF!,"AUH1",#REF!,"Mid Shift",Table1[[#All],[OFF2]],"OT",Table1[[#All],[Department]],Dashboard!A20) -> #REF! | G21: =COUNTIFS(Roster!G:G,"P",Roster!F:F,"Outbound",Roster!#REF!,"Mid Shift",Roster!#REF!,"Direct",Roster!#REF!,"AUH1") -> #REF! | H21: =COUNTIFS(Roster!G:G,"SL",Roster!F:F,"Outbound",Roster!#REF!,"Mid Shift",Roster!#REF!,"Direct",Roster!#REF!,"AUH1") -> #REF! | I21: =COUNTIFS(Roster!G:G,"AB",Roster!F:F,"Outbound",Roster!#REF!,"Mid Shift",Roster!#REF!,"Direct",Roster!#REF!,"AUH1")+COUNTIFS(Roster!G:G,"ABWI",Roster!F:F,"Outbound",Roster!#REF!,"Mid Shift",Roster!#REF!,"Direct",Roster!#REF!,"AUH1") -> #REF! | J21: =SUM(G21:I21,)+SUM(C21:E21) -> #REF! | K21: =(J21-D21)-C21-F21 -> #REF! | M21: =(G21-F21)/(K21) -> #REF! | N21: =G21/K21 -> #REF!
B22: Night Shift | C22: =COUNTIFS(Roster!G:G,"0",Roster!F:F,"Outbound",Roster!#REF!,"Night Shift",Roster!#REF!,"Direct",Roster!#REF!,"AUH1") -> #REF! | D22: =COUNTIFS(Roster!G:G,"OFF",Roster!F:F,"Outbound",Roster!#REF!,"Night Shift",Roster!#REF!,"Direct",Roster!#REF!,"AUH1") -> #REF! | E22: =COUNTIFS(Roster!G:G,"PL",Roster!F:F,"Outbound",Roster!#REF!,"Night Shift",Roster!#REF!,"Direct",Roster!#REF!,"AUH1") -> #REF! | F22: =COUNTIFS(#REF!,"AUH1",#REF!,"Night Shift",Table1[[#All],[OFF1]],"OT",Table1[[#All],[Department]],Dashboard!A20)+COUNTIFS(#REF!,"AUH1",#REF!,"Night Shift",Table1[[#All],[OFF2]],"OT",Table1[[#All],[Department]],Dashboard!A20) -> #REF! | G22: =COUNTIFS(Roster!G:G,"P",Roster!F:F,"Outbound",Roster!#REF!,"Night Shift",Roster!#REF!,"Direct",Roster!#REF!,"AUH1") -> #REF! | H22: =COUNTIFS(Roster!G:G,"SL",Roster!F:F,"Outbound",Roster!#REF!,"Night Shift",Roster!#REF!,"Direct",Roster!#REF!,"AUH1") -> #REF! | I22: =COUNTIFS(Roster!G:G,"AB",Roster!F:F,"Outbound",Roster!#REF!,"Night Shift",Roster!#REF!,"Direct",Roster!#REF!,"AUH1")+COUNTIFS(Roster!G:G,"ABWI",Roster!F:F,"Outbound",Roster!#REF!,"Night Shift",Roster!#REF!,"Direct",Roster!#REF!,"AUH1") -> #REF! | J22: =SUM(G22:I22,)+SUM(C22:E22) -> #REF! | K22: =(J22-D22)-C22-F22 -> #REF! | L22: 0.86141697 | M22: =(G22-F22)/(K22) -> #REF! | N22: =G22/K22 -> #REF! | S22: Shift | T22: Total HC | U22: Unscheduled | V22: Schedule to Work | W22: PL | X22: OT | Y22: UPL | Z22: Present | AA22: Present % | AB22: LM Target | AC22: Target Achievement
A23: Outbound Total | C23: =SUM(C20:C22) -> #REF! | D23: =SUM(D20:D22) -> #REF! | E23: =SUM(E20:E22) -> #REF! | F23: =SUM(F20:F22) -> #REF! | G23: =SUM(G20:G22) -> #REF! | H23: =SUM(H20:H22) -> #REF! | I23: =SUM(I20:I22) -> #REF! | J23: =SUM(J20:J22) -> #REF! | K23: =SUM(K20:K22) -> #REF! | L23: 0.86675532 | M23: 0.88060345 | N23: =G23/K23 -> #REF! | O23: =L23*K23 -> #REF! | P23: =G23-F23 -> #REF! | Q23: =P23-O23 -> #REF! | S23: Regular | T23: =COUNTIFS(Roster!#REF!,"AUH3",Roster!#REF!,"Regular")+COUNTIFS(Roster!#REF!,"DDB1",Roster!#REF!,"Regular",Roster!#REF!,"Direct") -> #REF! | U23: =COUNTIFS(Roster!#REF!,"AUH3",Roster!#REF!,"Regular",Roster!G:G,"OFF",Roster!#REF!,"Direct")+COUNTIFS(Roster!#REF!,"DDB1",Roster!#REF!,"Regular",Roster!G:G,"OFF",Roster!#REF!,"Direct") -> #REF! | V23: =SUMIFS($AC$18:$AC$19,$T$18:$T$19,"Regular") -> #REF! | W23: =COUNTIFS(Roster!#REF!,"AUH3",Roster!#REF!,"Regular",Roster!G:G,"PL",Roster!#REF!,"Direct")+COUNTIFS(Roster!#REF!,"DDB1",Roster!#REF!,"Regular",Roster!G:G,"PL",Roster!#REF!,"Direct") -> #REF! | X23: =COUNTIFS(#REF!,"AUH3",#REF!,"Regular",Table1[[#All],[OFF1]],"OT",Table1[[#All],[Department]],Dashboard!S23)+COUNTIFS(#REF!,"AUH3",#REF!,"Regular",Table1[[#All],[OFF2]],"OT",Table1[[#All],[Department]],Dashboard!S23) -> #REF! | Y23: =COUNTIFS(Roster!#REF!,"AUH3",Roster!#REF!,"Regular",Roster!G:G,"AB",Roster!#REF!,"Direct")+COUNTIFS(Roster!#REF!,"AUH3",Roster!#REF!,"Regular",Roster!G:G,"SL",Roster!#REF!,"Direct")+COUNTIFS(Roster!#REF!,"AUH3",Roster!#REF!,"Regular",Roster!G:G,"ABWI",Roster!#REF!,"Direct")+COUNTIFS(Roster!#REF!,"DDB1",Roster!#REF!,"Regular",Roster!G:G,"ABWI") -> #REF! | Z23: =V23-W23-Y23 -> #REF! | AA23: =Z23/V23 -> #REF! | AB23: 0.92384615 | AC23: =AA23/AB23 -> #REF!
A24: CRET | B24: Day Shift | C24: =COUNTIFS(Roster!G:G,"0",Roster!F:F,"CRET",Roster!#REF!,"Day Shift",Roster!#REF!,"Direct",Roster!#REF!,"AUH1") -> #REF! | D24: =COUNTIFS(Roster!G:G,"OFF",Roster!F:F,"CRET",Roster!#REF!,"Day Shift",Roster!#REF!,"Direct",Roster!#REF!,"AUH1") -> #REF! | E24: =COUNTIFS(Roster!G:G,"PL",Roster!F:F,"CRET",Roster!#REF!,"Day Shift",Roster!#REF!,"Direct",Roster!#REF!,"AUH1") -> #REF! | F24: =COUNTIFS(#REF!,"AUH1",#REF!,"Day Shift",Table1[[#All],[OFF1]],"OT",Table1[[#All],[Department]],Dashboard!A24)+COUNTIFS(#REF!,"AUH1",#REF!,"Day Shift",Table1[[#All],[OFF2]],"OT",Table1[[#All],[Department]],Dashboard!A24) -> #REF! | G24: =COUNTIFS(Roster!G:G,"P",Roster!F:F,"CRET",Roster!#REF!,"Day Shift",Roster!#REF!,"Direct",Roster!#REF!,"AUH1") -> #REF! | H24: =COUNTIFS(Roster!G:G,"SL",Roster!F:F,"CRET",Roster!#REF!,"Day Shift",Roster!#REF!,"Direct",Roster!#REF!,"AUH1") -> #REF! | I24: =COUNTIFS(Roster!G:G,"AB",Roster!F:F,"CRET",Roster!#REF!,"Day Shift",Roster!#REF!,"Direct",Roster!#REF!,"AUH1")+COUNTIFS(Roster!G:G,"ABWI",Roster!F:F,"CRET",Roster!#REF!,"Day Shift",Roster!#REF!,"Direct",Roster!#REF!,"AUH1") -> #REF! | J24: =SUM(G24:I24,)+SUM(C24:E24) -> #REF! | K24: =(J24-D24)-C24-F24 -> #REF! | L24: 0.89107143 | M24: =(G24-F24)/(K24) -> #REF! | N24: =G24/K24 -> #REF! | S24: Temporary | T24: =COUNTIFS(Roster!#REF!,"AUH3",Roster!#REF!,"Temporary")+COUNTIFS(Roster!#REF!,"DDB1",Roster!#REF!,"Temporary",Roster!#REF!,"Direct") -> #REF! | U24: =COUNTIFS(Roster!#REF!,"AUH3",Roster!#REF!,"Temporary",Roster!G:G,"OFF",Roster!#REF!,"Direct")+COUNTIFS(Roster!#REF!,"DDB1",Roster!#REF!,"Temporary",Roster!G:G,"OFF",Roster!#REF!,"Direct") -> #REF! | V24: =SUMIFS($AC$18:$AC$19,$T$18:$T$19,"Temporary") -> #REF! | W24: =COUNTIFS(Roster!#REF!,"AUH3",Roster!#REF!,"Temporary",Roster!G:G,"PL",Roster!#REF!,"Direct")+COUNTIFS(Roster!#REF!,"DDB1",Roster!#REF!,"Temporary",Roster!G:G,"PL",Roster!#REF!,"Direct") -> #REF! | X24: =COUNTIFS(#REF!,"AUH3",#REF!,"Temporary",Table1[[#All],[OFF1]],"OT",Table1[[#All],[Department]],Dashboard!S23)+COUNTIFS(#REF!,"AUH3",#REF!,"Temporary",Table1[[#All],[OFF2]],"OT",Table1[[#All],[Department]],Dashboard!S23) -> #REF! | Y24: =COUNTIFS(Roster!#REF!,"AUH3",Roster!#REF!,"Temporary",Roster!G:G,"AB")+COUNTIFS(Roster!#REF!,"AUH3",Roster!#REF!,"Temporary",Roster!G:G,"SL")+COUNTIFS(Roster!#REF!,"AUH3",Roster!#REF!,"Temporary",Roster!G:G,"ABWI")+COUNTIFS(Roster!#REF!,"DDB1",Roster!#REF!,"Temporary",Roster!G:G,"ABWI",Roster!#REF!,"Direct") -> #REF! | Z24: =V24-W24-Y24 -> #REF! | AA24: =Z24/V24 -> #REF! | AB24: 0.90181818 | AC24: =AA24/AB24 -> #REF!
B25: Mid Shift | C25: =COUNTIFS(Roster!G:G,"0",Roster!F:F,"CRET",Roster!#REF!,"Mid Shift",Roster!#REF!,"Direct",Roster!#REF!,"AUH1") -> #REF! | D25: =COUNTIFS(Roster!G:G,"OFF",Roster!F:F,"CRET",Roster!#REF!,"Mid Shift",Roster!#REF!,"Direct",Roster!#REF!,"AUH1") -> #REF! | E25: =COUNTIFS(Roster!G:G,"PL",Roster!F:F,"CRET",Roster!#REF!,"Mid Shift",Roster!#REF!,"Direct",Roster!#REF!,"AUH1") -> #REF! | F25: =COUNTIFS(#REF!,"AUH1",#REF!,"Mid Shift",Table1[[#All],[OFF1]],"OT",Table1[[#All],[Department]],Dashboard!A24)+COUNTIFS(#REF!,"AUH1",#REF!,"Mid Shift",Table1[[#All],[OFF2]],"OT",Table1[[#All],[Department]],Dashboard!A24) -> #REF! | G25: =COUNTIFS(Roster!G:G,"P",Roster!F:F,"CRET",Roster!#REF!,"Mid Shift",Roster!#REF!,"Direct",Roster!#REF!,"AUH1") -> #REF! | H25: =COUNTIFS(Roster!G:G,"SL",Roster!F:F,"CRET",Roster!#REF!,"Mid Shift",Roster!#REF!,"Direct",Roster!#REF!,"AUH1") -> #REF! | I25: =COUNTIFS(Roster!G:G,"AB",Roster!F:F,"CRET",Roster!#REF!,"Mid Shift",Roster!#REF!,"Direct",Roster!#REF!,"AUH1")+COUNTIFS(Roster!G:G,"ABWI",Roster!F:F,"CRET",Roster!#REF!,"Mid Shift",Roster!#REF!,"Direct",Roster!#REF!,"AUH1") -> #REF! | J25: =SUM(G25:I25,)+SUM(C25:E25) -> #REF! | K25: =(J25-D25)-C25-F25 -> #REF! | M25: =(G25-F25)/(K25) -> #REF! | N25: =G25/K25 -> #REF!
B26: Night Shift | C26: =COUNTIFS(Roster!G:G,"0",Roster!F:F,"CRET",Roster!#REF!,"Night Shift",Roster!#REF!,"Direct",Roster!#REF!,"AUH1") -> #REF! | D26: =COUNTIFS(Roster!G:G,"OFF",Roster!F:F,"CRET",Roster!#REF!,"Night Shift",Roster!#REF!,"Direct",Roster!#REF!,"AUH1") -> #REF! | E26: =COUNTIFS(Roster!G:G,"PL",Roster!F:F,"CRET",Roster!#REF!,"Night Shift",Roster!#REF!,"Direct",Roster!#REF!,"AUH1") -> #REF! | F26: =COUNTIFS(#REF!,"AUH1",#REF!,"Night Shift",Table1[[#All],[OFF1]],"OT",Table1[[#All],[Department]],Dashboard!A24)+COUNTIFS(#REF!,"AUH1",#REF!,"Night Shift",Table1[[#All],[OFF2]],"OT",Table1[[#All],[Department]],Dashboard!A24) -> #REF! | G26: =COUNTIFS(Roster!G:G,"P",Roster!F:F,"CRET",Roster!#REF!,"Night Shift",Roster!#REF!,"Direct",Roster!#REF!,"AUH1") -> #REF! | H26: =COUNTIFS(Roster!G:G,"SL",Roster!F:F,"CRET",Roster!#REF!,"Night Shift",Roster!#REF!,"Direct",Roster!#REF!,"AUH1") -> #REF! | I26: =COUNTIFS(Roster!G:G,"AB",Roster!F:F,"CRET",Roster!#REF!,"Night Shift",Roster!#REF!,"Direct",Roster!#REF!,"AUH1")+COUNTIFS(Roster!G:G,"ABWI",Roster!F:F,"CRET",Roster!#REF!,"Night Shift",Roster!#REF!,"Direct",Roster!#REF!,"AUH1") -> #REF! | J26: =SUM(G26:I26,)+SUM(C26:E26) -> #REF! | K26: =(J26-D26)-C26-F26 -> #REF! | L26: 0.85905172 | M26: =(G26-F26)/(K26) -> #REF! | N26: =G26/K26 -> #REF!
A27: CRET Total | C27: =SUM(C24:C26) -> #REF! | D27: =SUM(D24:D26) -> #REF! | E27: =SUM(E24:E26) -> #REF! | F27: =SUM(F24:F26) -> #REF! | G27: =SUM(G24:G26) -> #REF! | H27: =SUM(H24:H26) -> #REF! | I27: =SUM(I24:I26) -> #REF! | J27: =SUM(J24:J26) -> #REF! | K27: =SUM(K24:K26) -> #REF! | L27: 0.87916667 | M27: =(G27-F27)/(K27) -> #REF! | N27: =G27/K27 -> #REF! | O27: =L27*K27 -> #REF! | P27: =G27-F27 -> #REF! | Q27: =P27-O27 -> #REF!
A28: Grand Total | C28: =C15+C19+C23+C27 -> #REF! | D28: =D15+D19+D23+D27 -> #REF! | E28: =E15+E19+E23+E27 -> #REF! | F28: =F15+F19+F23+F27 -> #REF! | G28: =G15+G19+G23+G27 -> #REF! | H28: =H15+H19+H23+H27 -> #REF! | I28: =I15+I19+I23+I27 -> #REF! | J28: =J15+J19+J23+J27 -> #REF! | K28: =K15+K19+K23+K27 -> #REF! | L28: =J9 -> 0.88054979 | M28: =(G28-F28)/(K28) -> #REF! | N28: =G28/K28 -> #REF! | O28: =L28*K28 -> #REF! | P28: =G28-F28 -> #REF! | Q28: =P28-O28 -> #REF!

Sheet Roster
A1: Psoft No | B1: AMZ ID | C1: EMP Name | D1: OFF1 | E1: OFF2 | F1: Department | G1: Attendance
A2: 204869098 | B2: rosadamu | C2: Adams,Rose | D2: Friday | E2: Saturday | F2: CRET | G2: OFF
A3: 204299542 | B3: ahmeumef | C3: Ahmed Tidjan Mefire Nchankou | D3: Thursday | E3: Friday | F3: CRET | G3: P
A4: 204299562 | B4: alectilo | C4: AlecTilowakuti | D4: Monday | E4: Tuesday | F4: CRET | G4: PL
A5: 204299899 | B5: ybbright | C5: BrightBonah | D5: Saturday | E5: Sunday | F5: CRET | G5: OFF
A6: 204299548 | B6: tamahdan | C6: DanielKwekuTamah | D6: Saturday | E6: Sunday | F6: CRET | G6: OFF
A7: 204299544 | B7: daangmor | C7: DanielTeye-KwasiAngmortey | D7: Wednesday | E7: Thursday | F7: CRET | G7: P
A8: 204095444 | B8: larteydo | C8: DorcasLarteleyLartey | D8: Thursday | E8: Friday | F8: CRET | G8: P
A9: 204299903 | B9: emmfofie | C9: EmmanuelFofie | D9: Monday | E9: Tuesday | F9: CRET | G9: OFF
A10: 204299902 | B10: opoemman | C10: EmmanuelGyamfiOpoku | D10: Wednesday | E10: Thursday | F10: CRET | G10: P
A11: 204319462 | B11: emmanhme | C11: EmmanuelMensah | D11: Monday | E11: Tuesday | F11: CRET | G11: OFF
A12: 204299911 | B12: emekweni | C12: EmmanuelObaseEkweni | D12: Friday | E12: Saturday | F12: CRET | G12: OFF
A13: 204299913 | B13: bericyaw | C13: EricYawBruku | D13: Thursday | E13: Friday | F13: CRET | G13: P
... A152: 202383469 | B152: javmuhak | C152: Usman,Muhammad | D152: Tuesday | E152: Wednesday | F152: HR | G152: P
